{"cameraMode":{"drawMode":0,"name":"Shaded","section":"Shading Mode"},"sceneLighting":false,"audioPlay":false,"sceneViewState":{"showFog":true,"showMaterialUpdate":false,"showSkybox":true,"showFlares":true,"showImageEffects":true,"showParticleSystems":true},"in2DMode":false,"pivot":{"x":-2.724445343017578,"y":5.810477256774902,"z":3.4928202629089357},"rotation":{"x":0.03865376114845276,"y":-0.49138790369033816,"z":0.020687375217676164,"w":0.8708179593086243},"size":39.045963287353519,"orthographic":false}